,NAME,ASIAN,BLACK,HISPANIC,INDIAN,MULTI,WHITE,ADDRESS,BLACKPROP,HISPANICPROP,WHITEPROP,R,G,B,Longitudes,Latitudes
0,ADAMS MIDDLE SCHOOL,12,201,363,1,37,157,"10201 N Boulevard, Tampa, FL 33612",0.27877947295423,0.503467406380028,0.217753120665742,71.08876560332871,55.52704576976421,128.38418862690702,-82.4605024,28.0399566
1,ADVANTAGE ELEMENTARY ACADEMY,2,27,182,0,7,83,350 W Prosser Dr,0.09246575342465801,0.6232876712328771,0.284246575342466,23.578767123287697,72.4828767123288,158.938356164384,-82.12417099999999,28.0014839
2,ADVANTAGE MIDDLE ACADEMY,0,14,81,0,4,43,350 W Prosser Dr,0.101449275362319,0.58695652173913,0.31159420289855105,25.8695652173913,79.4565217391304,149.673913043478,-82.12417099999999,28.0014839
3,ALAFIA ELEMENTARY,22,42,133,3,51,380,"3535 Culbreath Rd, FL",0.075675675675676,0.23963963963964,0.684684684684685,19.297297297297302,174.59459459459498,61.1081081081081,-82.2491764,27.8876226
4,ALEXANDER ELEMENTARY,8,13,550,0,13,29,"5602 N Lois Ave, Tampa, FL 33614",0.021959459459460002,0.9290540540540541,0.048986486486487,5.59966216216216,12.4915540540541,236.908783783784,-82.51430789999999,27.9979993
5,ALONSO HIGH SCHOOL,108,164,1361,12,120,742,"8302 Montague St, FL",0.072342302602559,0.600352889280988,0.327304808116453,18.447287163652398,83.46272606969559,153.089986766652,-82.6042185,28.0221064
6,AMI KIDS YES,0,23,4,0,0,2,4337 Saffold Rd,0.793103448275862,0.137931034482759,0.06896551724137899,202.241379310345,17.5862068965517,35.1724137931034,-82.3217947,27.6541977
7,ANDERSON ELEMENTARY,22,45,89,0,63,181,"3910 W Fair Oaks Ave, Tampa, FL 33611",0.14285714285714302,0.28253968253968204,0.5746031746031751,36.4285714285714,146.52380952381,72.0476190476191,-82.50935199999999,27.899007
8,APOLLO BEACH ELEMENTARY,17,28,138,2,33,460,"501 Apollo Beach Blvd, Apollo Beach, FL 33572",0.044728434504792004,0.22044728434504798,0.73482428115016,11.405750798722,187.380191693291,56.21405750798721,-82.4020757,27.7752372
9,ARMWOOD HIGH SCHOOL,28,764,580,11,111,639,"12000 US-92, Seffner, FL 33584",0.385274836106909,0.292486132123046,0.322239031770045,98.2450832072617,82.17095310136159,74.58396369137671,-82.2953951,28.0056062
10,BAILEY ELEMENTARY,7,43,326,1,28,400,"4630 Gallagher Rd, Dover, FL 33527",0.055916775032510004,0.423927178153446,0.520156046814044,14.25877763329,132.639791937581,108.10143042912901,-82.23780219999999,28.0203574
11,BALLAST POINT ELEMENTARY,15,35,84,0,59,257,"4630 Gallagher Rd, Dover, FL 33527",0.09308510638297901,0.22340425531914898,0.6835106382978721,23.7367021276596,174.295212765957,56.968085106383,-82.23780219999999,28.0203574
12,BAY CREST ELEMENTARY,28,73,419,2,39,174,"4925 Webb Rd, FL",0.10960960960961,0.6291291291291291,0.26126126126126104,27.950450450450397,66.6216216216216,160.427927927928,-82.5742039,27.9925399
13,BELL CREEK ACADEMY,48,98,221,1,62,449,"13221 Boyette Rd, Riverview, FL 33569",0.127604166666667,0.28776041666666696,0.584635416666667,32.5390625,149.08203125,73.37890625,-82.27246799999999,27.852393
14,BELLAMY ELEMENTARY,30,47,513,0,25,77,9720 Wilsky Blvd,0.073783359497645,0.805337519623234,0.12087912087912099,18.8147566718995,30.8241758241758,205.36106750392503,-82.5677539,28.0355855
15,BENITO MIDDLE SCHOOL,105,259,239,3,71,371,"10101 Cross Creek Blvd, Tampa, FL 33647",0.298043728423475,0.27502876869965504,0.42692750287687,76.0011507479862,108.866513233602,70.132336018412,-82.3245506,28.1409782
16,BEVIS ELEMENTARY ,57,24,103,0,54,640,"5720 Osprey Ridge Dr, FL",0.03129074315515001,0.134289439374185,0.834419817470665,7.97913950456323,212.77705345502,34.2438070404172,-82.231504,27.84935
17,BING ELEMENTARY,0,164,279,0,30,106,"6409 36th Ave S, FL",0.298724954462659,0.508196721311475,0.19307832422586502,76.1748633879782,49.23497267759561,129.59016393442602,-82.38214359999999,27.9146551
18,BLAKE HIGH SCHOOL,19,648,402,4,90,424,"1701 North Blvd, Tampa, FL 33607",0.439620081411126,0.272727272727273,0.287652645861601,112.103120759837,73.3514246947083,69.5454545454546,-82.4664809,27.9583216
19,BLOOMMINGDALE HIGH SCHOOL,54,277,573,10,132,1202,1700 E Bloomingdale Ave,0.134990253411306,0.279239766081871,0.5857699805068229,34.422514619882996,149.37134502924,71.2061403508772,-82.2537479,27.8937346
20,BOWERS-WHITLEY CAREER CENTER,0,47,33,1,2,31,"13609 N 22nd St, Tampa, FL 33613",0.42342342342342293,0.297297297297297,0.279279279279279,107.972972972973,71.2162162162162,75.81081081081079,-82.4320169,28.0706761
21,BOYETTE SPRINGS ELEMENTARY,13,75,178,1,56,432,"10141 Sedgebrook Dr, Riverview, FL 33569",0.10948905109489099,0.25985401459854,0.630656934306569,27.9197080291971,160.817518248175,66.26277372262771,-82.27965019999999,27.8479203
22,BRANDON EPIC3 CENTER,0,39,31,0,4,20,"1019 North Parsons Avenue, FL",0.4333333333333329,0.34444444444444394,0.222222222222222,110.5,56.6666666666667,87.8333333333333,-82.2856178,27.9559509
23,BRANDON HIGH SCHOOL,32,412,578,5,126,720,"1101 Victoria Street, FL",0.24093567251462,0.33801169590643304,0.421052631578947,61.438596491228104,107.368421052632,86.1929824561404,-82.2997258,27.9439607
24,BRIDGEPREP ACADEMY OF TAMPA,4,82,106,0,27,61,2418 West Swann Ave Tampa 33609 ,0.329317269076305,0.42570281124497994,0.244979919678715,83.97590361445779,62.4698795180723,108.55421686747,-82.4845782,27.9367992
25,BROOKER ELEMENTARY,40,100,213,0,95,491,812 DeWolf Road  Brandon  33511  ,0.12437810945273599,0.264925373134328,0.6106965174129351,31.716417910447802,155.727611940299,67.5559701492537,-82.27251009999999,27.9162602
26,BROOKS DEBARTOLO COLLEGIATE,22,114,152,0,38,266,10948 N. Central Avenue  Tampa  33612 ,0.214285714285714,0.28571428571428603,0.5,54.6428571428571,127.5,72.8571428571429,-82.4558667,28.0486197
27,BROWARD ELEMENTARY ,2,263,74,1,18,25,"400 West Osborne Avenue, FL",0.7265193370165749,0.204419889502762,0.06906077348066299,185.262430939227,17.6104972375691,52.1270718232044,-82.4642674,27.9882203
28,BRYAN PLANT CITY ELEMENTARY,10,25,655,1,17,77,2006 West Oak Avenue  Plant City  33563 ,0.033025099075297,0.865257595772787,0.10171730515191499,8.42140026420079,25.9379128137384,220.640686922061,-82.143041,28.017593
29,BRYANT ELEMEMTARY,126,20,102,0,62,661, 13910 Nine Eagles Road 33626,0.025542784163473997,0.130268199233716,0.84418901660281,6.513409961685821,215.268199233717,33.218390804597696,-82.63260290000001,28.0724787
30,BT WASHINGTON ELEMENTARY,0,357,143,0,8,16,"1407 Estelle Street, FL",0.691860465116279,0.27713178294573604,0.031007751937985002,176.42441860465098,7.90697674418605,70.6686046511628,-82.4498571,27.9584128
31,BUCHANAN MIDDLE SCHOOL,12,123,333,4,36,182, 1001 West Bearss Avenue,0.19278996865203799,0.521943573667712,0.28526645768025105,49.161442006269596,72.742946708464,133.095611285266,-82.46888299999999,28.090004
32,BUCKHORN  ELEMENTARY ,31,54,191,1,48,393,2420 Buckhorn School Court  Valrico  33594,0.084639498432602,0.29937304075235105,0.6159874608150471,21.5830721003135,157.07680250783702,76.3401253918495,-82.241248,27.914526
33,BURNETT MIDDLE SCHOOL,13,203,236,1,45,257,1010 North Kingsway Road  Seffner  33584 ,0.29166666666666696,0.33908045977011503,0.36925287356321795,74.375,94.1594827586207,86.4655172413793,-82.27985,28.007549
34,BURNEY ELEMENTARY,1,109,194,1,7,39,901 S. Evers Street  Plant City  33563 ,0.318713450292398,0.567251461988304,0.114035087719298,81.27192982456141,29.0789473684211,144.649122807018,-82.12478709999999,28.0070091
35,BURNS MIDDLE SCHOOL ,55,208,288,3,81,710,615 Brooker Road  Brandon  33511 ,0.17247097844112802,0.23880597014925398,0.588723051409619,43.980099502487604,150.124378109453,60.8955223880597,-82.27435,27.907316
36,CAHOON ELEMENTARY MAGNET,5,213,96,3,26,71,2312 East Yukon St.  Tampa  33604 ,0.560526315789474,0.252631578947368,0.186842105263158,142.934210526316,47.644736842105296,64.4210526315789,-82.4330334,28.0306331
37,CAMINITI EXEPTIONAL CENTER,0,32,17,0,0,42,"2600 West Humphrey, FL",0.351648351648352,0.18681318681318695,0.46153846153846206,89.6703296703297,117.692307692308,47.63736263736261,-82.4867045,28.0301193
38,CANNELLA ELEMENTARY,55,77,406,3,42,137,10707 Nixon Road 33624,0.124193548387097,0.6548387096774189,0.22096774193548396,31.669354838709697,56.346774193548406,166.983870967742,-82.53231699999999,28.045972
39,CARROLWOODS ELEMENTARY,37,63,299,1,60,377,3516 Mc Farland Road,0.08525033829499298,0.404600811907984,0.5101488497970229,21.738836265223302,130.08795669824102,103.17320703653601,-82.4995781,28.0519034
40,CARVER EXCEPTIONAL CENTER ,0,49,8,0,1,1,2934 E. Hillsborough Avenue,0.844827586206896,0.137931034482759,0.017241379310345,215.43103448275903,4.396551724137931,35.1724137931034,-82.4271862,27.9969013
41,CATAPULT ACADEMY,3,180,190,2,34,110,"325 W Busch Blvd, Tampa, FL 33612",0.375,0.3958333333333329,0.229166666666667,95.625,58.4375,100.9375,-82.46321019999999,28.0332093
42,CHAMBERLAIN HIGH SCHOOL,50,493,739,9,100,311,9401 North Boulevard  Tampa  33612,0.31950745301361,0.47893713545042105,0.201555411535969,81.4744005184705,51.3966299416721,122.12896953985701,-82.4668575,28.0346169
43,CHANNELSIDE ACAD MATH AND SCI,9,75,125,0,35,126,1029 E. Twiggs Street  Tampa  33602,0.230061349693252,0.383435582822086,0.38650306748466295,58.6656441717791,98.5582822085889,97.7760736196319,-82.44979339999999,27.9517456
44,CHANNELSIDE ACADEMY MIDDLE SCHOOL,4,23,61,0,9,70,1029 E. Twiggs Street  Tampa  33602,0.149350649350649,0.39610389610389596,0.45454545454545503,38.0844155844156,115.90909090909099,101.00649350649401,-82.44979339999999,27.9517456
45,CHIARAMONTE ELEMENTARY,13,75,98,0,81,148,6001 South Himes Avenue  Tampa  33611 ,0.23364485981308397,0.305295950155763,0.461059190031153,59.5794392523364,117.570093457944,77.85046728971959,-82.5029496,27.8827103
46,CHILES ELEMENTARY,169,157,219,1,84,305,16541 Tampa Palms Boulevard W.  Tampa  33647,0.230543318649045,0.3215859030837,0.4478707782672539,58.7885462555066,114.20704845815,82.0044052863436,-82.39202879999999,28.113496
47,CIMINO ELEMENTARY ,16,64,181,0,74,523,4329 Culbreath Road 33594,0.083333333333333,0.235677083333333,0.680989583333333,21.25,173.65234375,60.09765625,-82.2443369,27.8790455
48,CITRUS PARK ELEMENTARY,34,43,257,0,49,209,7700 Gunn Highway 33625,0.084479371316307,0.504911591355599,0.410609037328094,21.542239685658103,104.705304518664,128.752455795678,-82.572994,28.076928
49,CLAIR MEL ELEMENTARY,4,253,292,0,28,53,1025 South 78th Street  Tampa  33619 ,0.42307692307692296,0.488294314381271,0.088628762541806,107.884615384615,22.6003344481605,124.515050167224,-82.37066999999999,27.938041
50,CLARK ELEMENTARY,179,171,217,1,71,241,19002 Wood Sage Drive  Tampa  33647 ,0.271860095389507,0.344992050874404,0.383147853736089,69.3243243243243,97.7027027027027,87.972972972973,-82.3644352,28.1518971
51,CLAYWELL ELEMENTARY ,28,63,324,0,60,296,4500 Northdale Boulevard 33624,0.09224011713030802,0.474377745241581,0.433382137628111,23.521229868228396,110.512445095168,120.966325036603,-82.52264799999999,28.0984508
52,CLEVELAND ELEMENTARY,1,251,115,1,18,34,723 East Hamilton Avenue  Tampa  33604 ,0.6275,0.2875,0.085,160.0125,21.675,73.3125,-82.4528225,28.0139076
53,COLEMAN MIDDLE SCHOOL,34,23,135,2,47,727, 1724 South Manhattan Ave  Tampa  33629,0.025988700564972,0.152542372881356,0.821468926553672,6.6271186440678,209.47457627118598,38.8983050847458,-82.51745269999999,27.9275554
54,COLLINS ELEMENTARY,41,227,290,2,88,426,12424 Summerfield Blvd 33569,0.240721102863203,0.307529162248144,0.45174973488865294,61.3838812301167,115.196182396607,78.4199363732768,-82.31780599999999,27.8111825
55,COLSON ELEMENTARY ,24,141,19,1,33,243,1520 Lakeview Avenue  Seffner  33584 ,0.34987593052109195,0.047146401985112,0.602977667493797,89.2183622828784,153.759305210918,12.0223325062035,-82.272562,27.982911
56,COMMUNITY CHARTER SCHOOL FOR EX,1,89,70,0,10,13,11604 N. 15th Street  Tampa  33612,0.5174418604651161,0.40697674418604707,0.075581395348837,131.947674418605,19.2732558139535,103.779069767442,-82.44400689999999,28.0535815
57,CORK ELEMENTARY,1,4,361,2,31,365,"3501 North Cork Road, FL",0.005479452054795,0.49452054794520506,0.5,1.3972602739726,127.5,126.102739726027,-82.176986,28.050147
58,CORR ELEMENTARY ,8,182,336,2,47,175,"13020 Kings Lake Drive, FL",0.26262626262626304,0.484848484848485,0.252525252525252,66.969696969697,64.3939393939394,123.636363636364,-82.36978,27.795387
59,CRESTWOOD ELEMENTARY,41,64,777,4,39,60,"7824 North Manhattan Avenue, FL",0.07103218645949,0.8623751387347389,0.066592674805771,18.1132075471698,16.9811320754717,219.905660377358,-82.51888989999999,28.0192264
60,CYPRESS CREEK ELEMENTARY,12,163,390,3,51,179,4040 19th Avenue NE,0.22267759562841502,0.532786885245902,0.244535519125683,56.7827868852459,62.35655737704921,135.860655737705,-82.36780329999999,27.739821
61,DAVIDSEN MIDDLE SCHOOL,51,74,578,0,53,349,0501 Montague Street 33614,0.073926073926074,0.577422577422577,0.348651348651349,18.8511488511488,88.9060939060939,147.242757242757,-82.6144671,28.0181584
62,DAVIS ELEMENTARY,17,62,634,1,39,101,10907 Memorial Highway  Tampa  33615 ,0.077791718946048,0.7954830614805519,0.1267252195734,19.8368883312422,32.3149309912171,202.848180677541,-82.60163399999999,28.016389
63,DEER PARK ELEMENTARY,227,58,226,0,54,446,11605 Citrus Park Drive,0.079452054794521,0.30958904109589,0.610958904109589,20.2602739726027,155.794520547945,78.9452054794521,-82.6161764,28.0673624
64,DELIA SANCHEZ FULL-SERVICE CTR,0,37,0,0,0,0,"3910 Fair Oaks Avenue, FL",1.0,0.0,0.0,255.0,0.0,0.0,-82.50935199999999,27.899007
65,DESOTO ELEMENTARY,2,66,157,1,7,19,2618 Corrine Street  Tampa  33605 ,0.272727272727273,0.6487603305785121,0.07851239669421499,69.5454545454546,20.0206611570248,165.433884297521,-82.4285089,27.9487177
66,DICKENSON ELEMENTARY,10,53,430,0,43,89,4720 Kelly Road,0.092657342657343,0.7517482517482521,0.155594405594406,23.627622377622398,39.6765734265734,191.695804195804,-82.5654608,27.9879257
67,DOBY ELEMENTARY,25,136,231,2,72,416, 6720 Covington Garden Dr  Apollo Beach  33572,0.17369093231162197,0.295019157088123,0.531289910600255,44.29118773946361,135.47892720306498,75.2298850574713,-82.369565,27.780963
68,DOROTHY THOMAS EXCEPTIONAL CTR,0,22,10,0,4,18,3215 Nundy Road,0.44,0.2,0.36,112.2,91.8,51.0,-82.49519540000001,28.0693749
69,DOVER ELEMENTARY,0,3,707,0,1,41,3035 Nelson Avenue  Dover  33527 ,0.003994673768309,0.941411451398136,0.054593874833554996,1.01864181091878,13.9214380825566,240.059920106525,-82.20939,27.987104
70,DOWDELL MIDDLE SCHOOL ,8,153,270,2,20,95,1208 Wishing Well Way,0.295366795366795,0.521235521235521,0.183397683397683,75.3185328185328,46.76640926640929,132.91505791505801,-82.37145579999999,27.936957
71,DUNBAR ELEMENTARY ,1,146,57,1,14,20,"1730 Union Street, FL",0.6547085201793721,0.25560538116591897,0.08968609865470899,166.95067264573999,22.8699551569507,65.1793721973094,-82.7648581,27.9976381
72,DURANT ELEMENTARY,49,222,725,7,92,1272,4748 Cougar Path,0.10004506534475001,0.326723749436683,0.573231185218567,25.5114916629112,146.17395223073498,83.3145561063542,-82.17255899999999,27.888596
73,EAST BAY HIGH SCHOOL ,41,557,769,5,128,754,7710 Old Big Bend Road,0.26778846153846103,0.369711538461538,0.3625,68.28605769230771,92.4375,94.27644230769229,-82.3631511,27.7940827
74,EDISON ELEMENTARY,1,376,69,0,18,16,1607 East Curtis Street  Tampa  33610,0.8156182212581341,0.149674620390456,0.03470715835141,207.982646420824,8.85032537960955,38.167028199566204,-82.4416231,27.9880056
75,EGYPT ELEMENTARY ,2,56,415,0,16,41,6707 North Glen Avenue  Tampa  33614,0.109375,0.810546875,0.080078125,27.890625,20.419921875,206.689453125,-82.4977229,28.008313
76,EISENHOWER MIDDLE SCHOOL,36,318,418,5,61,430,7620 Old Big Bend Road,0.272727272727273,0.358490566037736,0.368782161234991,69.5454545454546,94.03945111492278,91.4150943396226,-82.36552209999999,27.7933911
77,ESE BIRTH THROUGH AGE 5,17,103,148,0,19,126,"1202 East Palm Avenue, Tampa, FL 33605",0.27320954907161804,0.39257294429708206,0.3342175066313,69.66843501326261,85.22546419098141,100.10610079575599,-82.44574510000001,27.9628814
78,ESE HOSPITA;/HOMEBOUND,5,37,72,0,17,72,129 E. 124th Ave  Tampa  33612,0.204419889502762,0.39779005524861893,0.39779005524861893,52.1270718232044,101.436464088398,101.436464088398,-82.4591372,28.0601552
79,ESSRIG ELEMENTARY,35,41,350,0,46,219,13131 Lynn Road,0.067213114754098,0.5737704918032789,0.35901639344262304,17.1393442622951,91.54918032786881,146.311475409836,-82.54088449999999,28.068378
80,FARNELL MIDDLE SCHOOL,143,64,250,2,62,696,13912 Nine Eagles Drive,0.06336633663366299,0.24752475247524802,0.6891089108910889,16.158415841584198,175.72277227722802,63.118811881188094,-82.6316434,28.0707213
81,FERRELL (GIRLS) MIDDLE MAGNET,15,263,142,0,21,71,"4302 24th Street, FL",0.552521008403361,0.298319327731092,0.149159663865546,140.892857142857,38.0357142857143,76.0714285714286,-82.433199,27.984147
82,FISHHAWK CREEK ELEMENTARY,36,36,111,2,67,675,16815 Dorman Road,0.043795620437956005,0.135036496350365,0.821167883211679,11.1678832116788,209.397810218978,34.4343065693431,-82.21932799999999,27.841986
83,FLORIDA AUTISM CHARTER SCHOOL,4,22,34,0,4,40,6310 E. Sligh Avenue  Tampa  33617,0.229166666666667,0.3541666666666671,0.4166666666666671,58.4375,106.25,90.3125,-82.38189849999999,28.0121871
84,FOCUS ACADEMY,2,11,23,0,3,45,304 Druid Hills Road  Temple Terrace  33617,0.139240506329114,0.291139240506329,0.569620253164557,35.506329113924,145.253164556962,74.2405063291139,-82.38898429999999,28.0438228
85,FOLSOM ELEMENTARY,14,198,140,0,38,137, 9855 Harney Road,0.41684210526315796,0.29473684210526296,0.28842105263157897,106.29473684210501,73.5473684210526,75.1578947368421,-82.3252751,28.0470656
86,FOREST HILLS ELEMENTARY,19,295,472,4,57,150,10112 N. Ola Avenue  Tampa  33612,0.321701199563795,0.514721919302072,0.163576881134133,82.0338058887677,41.7121046892039,131.25408942202802,-82.4635607,28.0418109
87,FOSTER ELEMENTARY,1,352,89,1,13,35, 2014 East Diana Street  Tampa  33610  ,0.739495798319328,0.18697478991596603,0.073529411764706,188.57142857142898,18.75,47.678571428571395,-82.4355452,28.0076098
88,FRANKLIN (BOYS) ELEMENTARY,8,197,133,2,27,124,"3915 21St. Avenue, FL",0.433920704845815,0.29295154185022,0.273127753303965,110.649779735683,69.647577092511,74.7026431718062,-82.41615399999999,27.969464
89,FREEDOM HIGH SCHOOL,102,526,573,4,85,694, 17410 Commerce Park Blvd  Tampa  33647 ,0.29336307863915195,0.31957612939208,0.387060791968767,74.8075850529838,98.7005019520357,81.4919129949805,-82.383692,28.133978
90,FROST ELEMENTARY,20,238,223,1,56,103,3950 Falkenburg Road,0.42198581560283704,0.395390070921986,0.18262411347517699,107.60638297872299,46.56914893617021,100.82446808510599,-82.3579977,27.9126316
91,GAITHER HIGH SCHOOL,85,201,857,7,111,763,16200 North Dale Mabry Highway,0.11037891268533802,0.470620538165843,0.419000549148819,28.1466227347611,106.845140032949,120.00823723228999,-82.50519229999999,28.1011837
92,GIBSONTON ELEMENTARY,3,35,306,1,23,233,7723 Gibsonton Drive  Gibsonton  33534 ,0.060975609756098,0.5331010452961671,0.405923344947735,15.5487804878049,103.510452961672,135.940766550523,-82.3687917,27.8493592
93,GIUNTA MIIDDLE SCHOOL,19,297,363,2,53,159,4202 S Falkenburg Rd Riverview FL 33578,0.362637362637363,0.443223443223443,0.19413919413919398,92.4725274725275,49.5054945054945,113.021978021978,-82.3580042,27.9104776
94,GORRIE ELEMENTARY,21,36,82,4,33,418, 705 W De Leon St.  Tampa  33606 ,0.067164179104478,0.152985074626866,0.779850746268657,17.1268656716418,198.861940298507,39.0111940298507,-82.467907,27.939442
95,GRADY ELEMENTARY,29,41,103,0,29,291,"3910 Morrison Avenue, FL",0.094252873563218,0.23678160919540198,0.668965517241379,24.0344827586207,170.586206896552,60.3793103448276,-82.509394,27.932988
96,GRAHAM ELEMENTARY,0,305,53,0,11,14, 2915 N. Massachusetts Avenue  Tampa  33602,0.8198924731182801,0.14247311827957002,0.037634408602151,209.07258064516103,9.596774193548391,36.3306451612903,-82.4656193,27.9701035
97,GRECO MIDDLE SCHOOL,12,444,152,2,37,96, 6925 East Fowler Ave.  Temple Terrace  33617,0.641618497109827,0.219653179190751,0.138728323699422,163.612716763006,35.3757225433526,56.011560693641606,-82.37552199999999,28.052434
98,HAMMOND ELEMENTARY,25,19,129,0,47,477,8008 N. Mobley Road,0.0304,0.2064,0.7632,7.752000000000001,194.61599999999999,52.632,-82.5741863,28.1132791
99,HENDERSON HAMMOCK CHARTER SCHOOL,21,71,787,4,55,175,10322 Henderson Road,0.06873184898354301,0.7618586640851891,0.169409486931268,17.5266214908035,43.1994191674734,194.27395934172299,-82.5510082,28.0435647
100,HERITAGE ELEMENTARY,57,173,164,0,58,240,"18201 East Meadows Road, FL",0.299826689774697,0.28422876949740006,0.41594454072790293,76.4558058925477,106.065857885615,72.4783362218371,-82.2856138,28.1462138
101,HILL MIDDLE SCHOOL,37,74,402,2,43,312, 5200 Ehrlich Road,0.09390862944162401,0.510152284263959,0.39593908629441604,23.9467005076142,100.964467005076,130.08883248731001,-82.5358862,28.0837218
102,HILLSBOROUGH ACADEMY MATH SCIENCE,53,388,411,2,33,259,9659 W. Waters Avenue,0.36672967863894107,0.388468809073724,0.244801512287335,93.5160680529301,62.42438563327029,99.05954631379959,-82.5967446,28.0301198
103,HILLSBOROUGH HIGH SCHOOL,124,563,774,2,75,319,"5000 Central Avenue, FL",0.33997584541062803,0.467391304347826,0.19263285024154603,86.6938405797101,49.1213768115942,119.184782608696,-82.70144719999999,27.7706633
104,HUNTER’S GREEN ELEMENTARY,49,238,253,0,41,233,9202 Highland Oak Drive  Tampa  33647 ,0.32872928176795596,0.34944751381215505,0.321823204419889,83.8259668508287,82.0649171270718,89.1091160220995,-82.33023999999999,28.1409855
105,INDEPENDENCE ACADEMY ELEMENTARY,12,24,116,3,25,408,"12902 US-92, Dover, FL 33527",0.043795620437956005,0.21167883211678798,0.7445255474452551,11.1678832116788,189.85401459854,53.978102189781,-82.24437270000001,28.0160557
106,INDEPENDENCE ACADEMY MIDDLE SCHOOL,2,6,47,0,18,213,"12902 US-92, Dover, FL 33527",0.022556390977444,0.176691729323308,0.8007518796992479,5.75187969924812,204.19172932330798,45.0563909774436,-82.24437270000001,28.0160557
107,IP POLITO ELEMENTARY,6,247,199,1,39,86,6874 S. Falkenburg Road,0.46428571428571397,0.37406015037594,0.161654135338346,118.392857142857,41.22180451127821,95.3853383458647,-82.355965,27.876695
108,JACKSON ELEMENTARY,3,133,269,0,14,104,502 East Gilchrist  Plant City  33563 ,0.262845849802371,0.531620553359684,0.20553359683794503,67.0256916996047,52.4110671936759,135.563241106719,-82.12003399999999,28.020154
109,JAMES ELEMENTARY,5,536,110,1,15,23,4302 East Ellicott Street  Tampa  33610,0.801195814648729,0.16442451420029902,0.034379671150972,204.30493273542598,8.76681614349776,41.9282511210762,-82.4100139,27.9914854
110,JEFFERSON HIGH SCHOOL,23,496,928,4,88,158,"4401 W Cypress St, Tampa, FL 33607",0.31352718078381797,0.5865992414664979,0.099873577749684,79.94943109987359,25.4677623261694,149.58280657395701,-82.5183352,27.9522801
111,JENNINGS MIDDLE SCHOOL,8,285,245,1,30,147,9325 Governor's Run Drive,0.420974889217134,0.36189069423929104,0.21713441654357502,107.348596750369,55.369276218611496,92.28212703101921,-82.3286002,28.0261867
112,JUST ELEMENTARY,2,242,34,0,10,10,"1315 W Spruce St, Tampa, FL 33607",0.8461538461538459,0.118881118881119,0.034965034965035,215.769230769231,8.91608391608392,30.314685314685303,-82.4737857,27.9598476
113,KENLY ELEMENTARY,5,293,124,0,32,100,"2909 66th Street, FL",0.5667311411992261,0.23984526112185697,0.19342359767891698,144.516441005803,49.323017408123796,61.160541586073506,-82.3806887,27.9698217
114,KIDS COMMUNITY COLLEGE SOUTHEAST,31,111,122,3,31,110,11519 McMullen Road  Riverview  33569,0.323615160349854,0.355685131195335,0.32069970845481,82.5218658892128,81.7784256559767,90.6997084548105,-82.3056191,27.8645448
115,KIMBELL ELEMENTARY,5,372,123,2,15,44,8406 N. 46th Street  Tampa  33617,0.6901669758812621,0.22820037105751398,0.08163265306122501,175.99257884972198,20.816326530612198,58.1910946196661,-82.4101864,28.0262982
116,KING HIGH SCHOOL,290,738,290,11,90,327,6815 North 56th Street  Tampa  33610,0.544649446494465,0.21402214022140198,0.24132841328413301,138.885608856089,61.5387453874539,54.575645756457604,-82.3906286,28.0091855
117,KING’S KIDS ACADEMY,0,121,4,0,2,2,3000 N. 34th Street  Tampa  33605 ,0.9527559055118109,0.031496062992126,0.015748031496063,242.95275590551202,4.01574803149606,8.03149606299213,-82.422703,27.9708403
118,KINGSWOOD ELEMENTARY,11,115,215,0,42,176,3102 South Kings Avenue  Brandon  33511 ,0.22727272727272702,0.42490118577075103,0.34782608695652195,57.954545454545496,88.695652173913,108.349802371542,-82.29612000000002,27.898159
119,KNIGHTS ELEMENTARY,8,28,361,0,42,176,4815 North Keene Road,0.049557522123894,0.638938053097345,0.31150442477876095,12.6371681415929,79.43362831858408,162.929203539823,-82.155569,28.074487
120,LAKE ACADEMY,0,23,9,0,0,9,"9504 E Columbus Dr, Tampa, FL 33619",0.5609756097560981,0.21951219512195103,0.21951219512195103,143.048780487805,55.975609756097604,55.975609756097604,-82.3421733,27.9675953
121,LAKE MAGDALENIE ELEMENTARY ,16,100,354,2,88,340,2002 Pine Lake Drive  Tampa  33612,0.12594458438287198,0.445843828715365,0.4282115869017629,32.1158690176322,109.19395465995001,113.690176322418,-82.47776499999999,28.056925
122,LAMB ELEMENTARY,23,326,243,2,38,85,6274 S. 78th Street  Tampa  33619,0.498470948012232,0.37155963302752293,0.129969418960245,127.11009174311899,33.1422018348624,94.74770642201841,-82.3687107,27.9229795
123,LANIER ELEMENTARY,14,54,88,2,45,157,"4704 Montgomery Avenue, FL",0.18060200668896303,0.29431438127090304,0.525083612040134,46.05351170568561,133.896321070234,75.0501672240803,-82.5228535,27.8769044
124,LAVOY EXCEPTIONAL CENTER,1,30,33,1,3,20,4410 West Main Street  Tampa  33607 ,0.36144578313253,0.3975903614457829,0.240963855421687,92.1686746987952,61.445783132530096,101.385542168675,-82.5192125,27.9574039
125,LEARNING GATE COMMUNITY,19,23,126,1,40,567,7010 N. Manhattan Ave.  Tampa  33614,0.032122905027932996,0.175977653631285,0.791899441340782,8.19134078212291,201.934357541899,44.874301675977705,-82.5173138,28.01238
126,LEE ELEMENTARY TECH / WORLD STUDIES,2,167,47,0,21,54,305 East Columbus Drive  Tampa  33602 ,0.623134328358209,0.175373134328358,0.20149253731343303,158.899253731343,51.38059701492539,44.7201492537313,-82.4574354,27.9665503
127,LEGACY PREPARATORY ACADEMY,1,129,37,0,12,4,302 E. Linebaugh Avenue  Tampa  33612,0.758823529411765,0.217647058823529,0.023529411764706,193.5,6.0,55.5,-82.4576019,28.0403032
128,LENARD HIGH SCHOOL,48,447,1359,9,135,604,2342 Shell Point Rd E,0.185477178423237,0.563900414937759,0.25062240663900404,47.2966804979253,63.9087136929461,143.794605809129,-82.405092,27.72262
129,LETO HIGH SCHOOL,56,166,1670,3,107,242,4409 West Sligh Avenue  Tampa  33614,0.079884504331088,0.803657362848893,0.11645813282001899,20.370548604427302,29.6968238691049,204.932627526468,-82.5191648,28.0121197
130,LEWIS ELEMENTARY,25,348,167,2,61,238,6700 E. Whiteway Drive  Temple Terrace  33617,0.462151394422311,0.221779548472776,0.316069057104914,117.848605577689,80.597609561753,56.5537848605578,-82.3723097,28.0470497
131,LIBERTY MIDDLE SCHOOL,103,297,352,3,66,407,17400 Commerce Park Blvd  Tampa  33647,0.28125,0.33333333333333304,0.3854166666666671,71.71875,98.28125,85.0,-82.3828643,28.1335549
132,LIMONA ELEMENTARY,48,91,170,2,46,237,1115 Telfair  Brandon,0.18273092369477897,0.34136546184739003,0.475903614457831,46.596385542168704,121.355421686747,87.04819277108429,-82.3005206,27.9570638
133,LINCOLN ELEMENTARY MAGNET ,44,150,101,0,22,111,1207 East Renfro Street  Plant City  33563,0.41436464088397795,0.279005524861878,0.306629834254144,105.66298342541401,78.19060773480659,71.146408839779,-82.1133297,28.0129177
134,LITERACY LEADERSHIP TECH ACADEMY,5,67,132,0,21,374,6771 Madison Avenue,0.11692844677137901,0.230366492146597,0.6527050610820239,29.816753926701605,166.439790575916,58.7434554973822,-82.37776,27.89989
135,LITHIA SPRINGS ELEMENTARY,48,16,68,4,41,460,4350 Lithia Pinecrest Rd,0.029411764705882002,0.125,0.845588235294118,7.5,215.625,31.875,-82.22318349999999,27.8760142
136,LOCKHART ELEMENTARY MAGNET,2,289,58,0,11,27,3719 North 17th Street  Tampa  33610 ,0.7727272727272729,0.15508021390374302,0.07219251336898401,197.04545454545502,18.4090909090909,39.545454545454504,-82.438813,27.978743
137,LOMAX ELEMENTARY MAGNET,29,241,46,2,12,31,"4207 26th Street, FL",0.757861635220126,0.144654088050314,0.09748427672955999,193.25471698113202,24.8584905660377,36.88679245283021,-82.429508,27.982624
138,LOPEZ ELEMENTARY,2,83,126,1,33,240,"200 N Kingsway Rd, Seffner, FL 33584",0.184855233853007,0.28062360801781705,0.534521158129176,47.1380846325167,136.30289532293997,71.55902004454342,-82.27894599999999,27.9972333
139,LOPEZ EXCEPTIONAL CENTER,1,14,180,0,0,22,315 W Old Hillsborough Ave,0.064814814814815,0.833333333333333,0.101851851851852,16.5277777777778,25.9722222222222,212.5,-82.2803488,27.9961451
140,LOWRY ELEMENTARY ,112,68,357,1,69,394,11505 Country Hollow Drive,0.083028083028083,0.43589743589743607,0.48107448107448103,21.1721611721612,122.673992673993,111.15384615384599,-82.612796,28.038286
141,LUTZ ELEMENTARY,12,32,161,0,50,397,"202 5th Ave SE, Lutz, FL 33549",0.054237288135593,0.27288135593220303,0.6728813559322029,13.830508474576302,171.584745762712,69.58474576271189,-82.45937099999999,28.147498
142,LUTZ PREPARATTORY SCHOOL,46,17,110,2,54,553,"17952 North Hwy 41, FL",0.025,0.161764705882353,0.813235294117647,6.375,207.375,41.25,-82.4606486,28.1098434
143,MABRY ELEMENTARY,18,17,77,0,46,619,4201 Estrella Street,0.023842917251052,0.10799438990182302,0.8681626928471249,6.079943899018231,221.381486676017,27.5385694249649,-82.51517299999999,27.929373
144,MACFARLANE PARK ELEMENTARY MAGNET,60,54,109,2,17,118,1721 North MacDill Avenue,0.19217081850533801,0.38790035587188604,0.419928825622776,49.0035587188612,107.08185053380801,98.914590747331,-82.4925616,27.9580345
145,MADISON MIDDLE SCHOOL,18,144,291,0,35,145,"4444 Bay Vista Avenue, FL",0.248275862068965,0.501724137931034,0.25,63.3103448275862,63.75,127.93965517241399,-82.5206131,27.9056402
146,MANGO ELEMENTARY,21,178,350,0,42,231,4220 Hwy 579,0.234519104084321,0.46113306982872204,0.304347826086957,59.802371541502,77.6086956521739,117.58893280632401,-82.30352599999999,27.983735
147,MANISCALCO ELEMENTARY,20,51,197,2,37,247, 939 DeBuel Road  Lutz  33549 ,0.10303030303030301,0.39797979797979793,0.498989898989899,26.2727272727273,127.242424242424,101.484848484848,-82.45140359999999,28.1276389
148,MANN MIDDLE SCHOOL,28,208,342,3,58,358,409 East Jersey Avenue  Brandon  33510,0.229074889867841,0.376651982378855,0.3942731277533039,58.4140969162996,100.53964757709299,96.04625550660792,-82.280699,27.950519
149,MARSHALL MIDDLE SCHOOL,5,97,421,0,32,294,18 South Maryland Avenue  Plant City  33563,0.119458128078818,0.5184729064039411,0.36206896551724105,30.461822660098502,92.3275862068966,132.210591133005,-82.10767930000002,28.0165364
150,MARTINEZ MIDDLE SCHOOL,77,37,252,1,58,803,5601 Lutz Lake Fern Road,0.033882783882784,0.23076923076923103,0.7353479853479851,8.640109890109889,187.513736263736,58.846153846153896,-82.55916119999999,28.1588826
151,MCDONALD ELEMENTARY,3,75,185,1,44,299,"501 Pruett Rd, Seffner, FL 33584",0.134168157423971,0.330948121645796,0.5348837209302321,34.2128801431127,136.39534883720899,84.391771019678,-82.2855718,28.0225018
152,MCKITRICK ELEMENTARY,85,38,150,1,64,626,5503 Lutz Lake Fern Road,0.04668304668304701,0.18427518427518397,0.769041769041769,11.9041769041769,196.10565110565102,46.990171990172,-82.5312926,28.1565657
153,MCLANE MIDDLE SCHOOL,17,368,189,1,49,109,306 North Knights Avenue  Brandon  33510 ,0.552552552552553,0.283783783783784,0.163663663663664,140.900900900901,41.7342342342342,72.3648648648649,-82.2906239,27.9429224
154,MEMORIAL MIDDLE SCHOOL,18,133,421,1,21,58,"4702 Central Avenue, FL",0.21732026143790803,0.687908496732026,0.09477124183006501,55.4166666666667,24.1666666666667,175.416666666667,-82.6972581,27.7706375
155,MENDENHALL ELEMENTARY,12,86,459,2,24,72,5202 Mendenhall Drive,0.13938411669367903,0.743922204213938,0.11669367909238199,35.542949756888206,29.756888168557502,189.700162074554,-82.47894459999999,27.9934524
156,MENDEZ EXCEPTIONAL CENTER,0,10,4,0,0,9,5707 North 22nd Street  Tampa  33610 ,0.43478260869565205,0.17391304347826098,0.39130434782608703,110.869565217391,99.7826086956522,44.3478260869565,-82.4342587,27.9993703
157,MIDDLETON HIGH SCHOOL,118,845,292,4,68,303,4801 N. 22nd Street  Tampa  33610,0.586805555555556,0.20277777777777803,0.21041666666666697,149.635416666667,53.65625,51.7083333333333,-82.4347289,27.9902824
158,MILES ELEMENTARY,10,294,444,0,45,94,317 East 124th Avenue  Tampa  33612 ,0.353365384615385,0.533653846153846,0.112980769230769,90.10817307692308,28.810096153846196,136.081730769231,-82.456859,28.0592152
159,MINTZ ELEMENTARY,36,198,342,3,73,219,1510 Heather Lakes Boulevard  Brandon  33511 ,0.260869565217391,0.45059288537549397,0.28853754940711496,66.5217391304348,73.5770750988142,114.901185770751,-82.3071889,27.915096
160,MITCHELL ELEMENTARY,25,37,174,0,46,460,205 S Bungalow Park Avenue  Tampa  33609 ,0.05514157973174401,0.259314456035767,0.685543964232489,14.061102831594601,174.813710879285,66.1251862891207,-82.4907723,27.9429292
161,MONROE MIDDLE SCHOOL,14,140,100,5,37,127,"4716 Montgomery Avenue, FL",0.38147138964577704,0.272479564032698,0.346049046321526,97.275204359673,88.2425068119891,69.4822888283379,-82.52352599999999,27.875723
162,MORGAN WOODS ELEMENTARY,6,37,369,0,20,76,7001 Armand Drive,0.076763485477179,0.765560165975104,0.15767634854771803,19.5746887966805,40.2074688796681,195.217842323651,-82.55939029999999,28.0133241
163,MORT ELEMENTARY,4,198,546,2,28,99,1806 E Bearss Avenue,0.234875444839858,0.647686832740214,0.117437722419929,59.893238434163706,29.9466192170818,165.160142348754,-82.44001899999999,28.082428
164,MOSI PARTNERSHIP ELEMENTARY,5,124,123,2,12,10,4800 E Fowler Ave,0.482490272373541,0.478599221789883,0.03891050583657601,123.03501945525299,9.92217898832685,122.04280155642,-82.4056712,28.0545431
165,MULLER ELEMENTARY MAGNET ,4,122,167,0,30,55,13615 North 22nd Street  Tampa  33613 ,0.35465116279069797,0.48546511627907,0.159883720930233,90.43604651162791,40.7703488372093,123.79360465116301,-82.4342206,28.0707591
166,MULERNNAN MIDDLE SCHOOL,37,137,329,4,75,603,4215 Durant Rd  Valrico  33594 ,0.12815715622076698,0.307764265668849,0.5640785781103841,32.6800748362956,143.840037418148,78.4798877455566,-82.229507,27.906634
167,NELSON ELEMENTARY,16,105,256,2,60,382,5413 Durant Rd,0.141318977119785,0.344549125168237,0.514131897711978,36.0363391655451,131.103633916554,87.86002691790041,-82.20425809999999,27.9071492
168,NEW SPRINGS SCHOOL,15,184,140,0,32,59,2410 E. Busch Boulevard  Tampa  33612 ,0.48041775456919106,0.365535248041775,0.154046997389034,122.506527415144,39.2819843342037,93.21148825065269,-82.43187789999999,28.0332377
169,NEWSOME HIGH SCHOOL,96,140,386,9,141,1913,16550 Fishhawk Blvd,0.057400574005739995,0.15826158261582599,0.784337843378434,14.637146371463698,200.00615006150102,40.3567035670357,-82.2017607,27.862
170,NORTH TAMPA EPIC3 CENTER,0,64,18,0,5,7,8602 North Armenia Avenue  Tampa  33604 ,0.7191011235955059,0.202247191011236,0.07865168539325901,183.37078651685397,20.0561797752809,51.5730337078652,-82.484188,28.0303161
171,NORTHWEST ELEMENTARY,39,38,188,0,55,329,16438 Hutchison Road,0.068468468468469,0.33873873873873905,0.592792792792793,17.4594594594595,151.162162162162,86.37837837837841,-82.54822399999999,28.105199
172,OAK GROVE ELEMENTARY,11,105,653,0,42,110,6315 North Armenia Avenue  Tampa  33604 ,0.120967741935484,0.752304147465438,0.126728110599078,30.8467741935484,32.315668202765,191.83755760368697,-82.4822949,28.004329
173,OAK PARK ELEMENTARY,1,460,72,1,25,36,2716 N. 46th Street  Tampa  33605 ,0.8098591549295769,0.126760563380282,0.063380281690141,206.514084507042,16.1619718309859,32.3239436619718,-82.406966,27.967776
174,ORANGE GROVE MIDDLE MAGNET,13,204,146,0,28,139,"3415 16th Street, FL",0.417177914110429,0.29856850715746397,0.284253578732106,106.38036809816,72.4846625766871,76.1349693251534,-82.44080319999999,27.9756284
175,PACE CENTER FOR GIRLS,0,31,17,0,3,6,1933 E Hillsborough Ave,0.574074074074074,0.314814814814815,0.111111111111111,146.388888888889,28.3333333333333,80.2777777777778,-82.4376214,27.995608
176,PALM RIVER ELEMENTARY ,1,179,261,0,19,80,805 Maydell Drive  Tampa  33619,0.34423076923076895,0.501923076923077,0.153846153846154,87.7788461538462,39.230769230769205,127.990384615385,-82.386535,27.941203
177,PEPIN ACADEMIES,10,202,199,2,36,306,3916 E. Hillsborough Avenue  Tampa  33610 ,0.28571428571428603,0.281471004243281,0.432814710042433,72.8571428571429,110.36775106081998,71.7751060820368,-82.41524430000001,27.9967119
178,PIERCE MIDDLE SCHOOL,34,84,755,0,19,73,5511 North Hesperides Street  Tampa  33614 ,0.09210526315789501,0.827850877192982,0.080043859649123,23.4868421052632,20.4111842105263,211.101973684211,-82.5183455,27.9981791
179,PINECREST ELEMENTARY,2,15,205,2,27,350,7950 Lithia Pinecrest Road  Lithia  33547,0.026315789473683997,0.35964912280701794,0.614035087719298,6.71052631578947,156.578947368421,91.71052631578951,-82.1479756,27.8493904
180,PIVOT CHARTER SCHOOL,5,42,76,1,19,138,3020 Falkenburg Road,0.1640625,0.296875,0.5390625,41.8359375,137.4609375,75.703125,-82.3371738,27.9191165
181,PIZZO ELEMENTARY,13,340,284,1,38,69,11701 USF Bull Run Dr.  Tampa  33617,0.49062049062049107,0.40981240981240996,0.09956709956710001,125.108225108225,25.3896103896104,104.50216450216499,-82.4044658,28.0557688
182,PLANT CITY HIGH SCHOOL,31,278,986,12,71,963,"1 Raider Pl, Plant City, FL 33563",0.124831612034127,0.442748091603053,0.43242029636282003,31.832061068702302,110.267175572519,112.90076335877899,-82.12745900000002,27.990044
183,PLANT HIGH SCHOOL,78,169,441,4,96,1553,2415 South Himes Avenue  Tampa  33629,0.078132223763292,0.20388349514563103,0.717984281091077,19.923717059639397,183.08599167822499,51.9902912621359,-82.5022472,27.9238668
184,POTTER ELEMENTARY,4,597,48,0,9,13,3224 East Cayuga,0.9072948328267479,0.072948328267477,0.019756838905775002,231.360182370821,5.03799392097264,18.601823708206698,-82.42380399999999,27.987111
185,PRIDE ELEMENTARY,273,112,170,10,69,331,10310 Lion's Den Drive,0.18270799347471497,0.27732463295269205,0.5399673735725941,46.5905383360522,137.69168026101102,70.71778140293641,-82.3190554,28.1569402
186,PROGRESS VILLAGE MIDDLE SCHOOL,18,297,216,1,70,288,8113 Zinnia Drive,0.37078651685393293,0.269662921348315,0.35955056179775297,94.5505617977528,91.68539325842698,68.7640449438202,-82.366383,27.892107
187,RAMPELLO DOWNTOWN PARTNERSHIP,8,241,198,3,54,240,802 E. Washington Street  Tampa  33602 ,0.35493372606774704,0.29160530191458,0.35346097201767296,90.50810014727541,90.13254786450659,74.35935198821801,-82.4525275,27.9482833
188,RANDALL MIDDLE SCHOOL,62,48,164,4,86,1032,16510 Fishhawk Boulevard,0.038585209003216006,0.13183279742765303,0.8295819935691321,9.83922829581994,211.543408360129,33.6173633440514,-82.2073489,27.857981
189,RCMA LEADERSHIP ACADEMY,1,0,82,0,9,0,18236 US-301 Dade City,0.0,1.0,0.0,0.0,0.0,255.0,-82.190271,28.424194
190,RCMA WIMAUMA ACADEMY,1,0,224,0,3,1,18240 US-301 Dade City,0.0,0.9955555555555551,0.004444444444444,0.0,1.13333333333333,253.866666666667,-82.190097,28.423975
191,REDDICK ELEMENTARY,3,55,786,0,20,71,325 West Lake Drive  Wimauma  33598 ,0.06030701754386,0.861842105263158,0.077850877192983,15.378289473684198,19.8519736842105,219.76973684210498,-82.32062599999999,27.717833
192,RIVERHILLS ELEMENTARY MAGNET,32,149,75,4,40,118,405 Riverhills Drive  Temple Terrace  33617 ,0.435672514619883,0.21929824561403502,0.34502923976608196,111.09649122807,87.98245614035092,55.921052631579,-82.38607999999999,28.020721
193,RIVERVIEW ELEMENTARY ,18,93,164,1,58,260,10809 Hannaway Road,0.17988394584139303,0.317214700193424,0.502901353965184,45.8704061895551,128.23984526112199,80.889748549323,-82.3245075,27.8751431
194,RIVERVIEW HIGH SCHOOL,54,429,786,13,138,1001,11311 Boyette Road  Riverview  33569,0.19359205776173302,0.354693140794224,0.45171480144404297,49.3659747292419,115.18727436823099,90.44675090252709,-82.3122952,27.8498383
195,ROBINSON ELEMENTARY,3,31,422,0,14,211,"4801 South Turkey Creek Road, FL",0.046686746987952006,0.635542168674699,0.317771084337349,11.9051204819277,81.0316265060241,162.063253012048,-82.1711599,27.9475274
196,ROBINSON HIGH SCHOOL,127,233,347,2,153,745,6311 South Lois Avenue  Tampa  33616 ,0.175849056603774,0.26188679245283,0.562264150943396,44.841509433962294,143.377358490566,66.7811320754717,-82.51570129999999,27.8745574
197,ROBLES ELEMENTARY,52,667,71,1,13,72,4405 East Sligh Avenue  Tampa  33610,0.823456790123457,0.08765432098765401,0.08888888888888902,209.981481481481,22.6666666666667,22.351851851851897,-82.40910199999999,28.009718
198,RODGERS MIDDLE SCHOOL,16,166,244,4,53,254,11910 Tucker Road  Riverview  33569,0.25,0.36746987951807203,0.38253012048192797,63.75,97.5451807228916,93.7048192771085,-82.2965981,27.8448942
199,ROLAND PARK K-8 MAGNET,75,173,192,1,66,283,1510 North Manhattan Avenue  Tampa  33607 ,0.266975308641975,0.296296296296296,0.436728395061728,68.0787037037037,111.365740740741,75.55555555555559,-82.5189807,27.9564493
200,ROOSEVELT ELEMENTARY,24,14,85,1,37,549,3205 S Ferdinand Ave,0.021604938271605,0.131172839506173,0.8472222222222221,5.5092592592592595,216.041666666667,33.449074074074105,-82.497947,27.916624
201,RUSKIN ELEMENTARY,5,84,696,1,18,134,101 East College Avenue  Ruskin  33570 ,0.091903719912473,0.7614879649890591,0.146608315098468,23.435448577680503,37.3851203501094,194.17943107221,-82.4328347,27.7123004
202,SCHMIDT ELEMENTARY,9,198,249,0,46,156,1250 Williams Road  Brandon  33510,0.328358208955224,0.4129353233830851,0.258706467661692,83.73134328358209,65.9701492537313,105.298507462687,-82.31959119999999,27.9582456
203,SCHWARZKOPF ELEMENTARY,34,36,227,0,43,342,18333 Calusa Trace Boulevard,0.059504132231404994,0.375206611570248,0.565289256198347,15.1735537190083,144.148760330579,95.6776859504132,-82.5052559,28.1384988
204,SEFFNER ELEMENTARY,14,106,227,1,41,308,109 Cactus Road  Seffner  33584,0.16536661466458702,0.35413416536661496,0.48049921996879896,42.1684867394696,122.52730109204398,90.30421216848671,-82.275544,27.965993
205,SEMINOLE ELEMENTARY,12,150,128,0,43,146,6201 Central Avenue,0.35377358490566,0.30188679245283,0.34433962264150897,90.21226415094341,87.8066037735849,76.9811320754717,-82.72084199999999,27.7713693
206,SEMINOLE HEIGHTS CHARTER SCHOOL,1,149,103,0,14,30,4007 North Florida Avenue  Tampa  33603 ,0.5283687943262411,0.36524822695035497,0.10638297872340399,134.734042553192,27.1276595744681,93.13829787234042,-82.459148,27.981955
207,SESSUMS ELEMENTARY,28,203,384,4,88,454,11525 Ramble Creek Drive  Riverview  33569 ,0.19500480307396698,0.3688760806916429,0.43611911623439,49.7262247838617,111.210374639769,94.0634005763689,-82.32014199999999,27.83392
208,SHAW ELEMENTARY ,4,357,241,2,39,43,11311 North 15th Street  Tampa  33612,0.5569422776911079,0.37597503900156,0.06708268330733201,142.020280811232,17.106084243369697,95.8736349453978,-82.441402,28.0516881
209,SHEEHY ELEMENTARY,0,423,29,0,15,12,6402 North 40th Street  Tampa  33610 ,0.9116379310344829,0.0625,0.025862068965517,232.467672413793,6.5948275862068995,15.9375,-82.4152262,28.0063169
210,SHIELDS MIDDLE SCHOOL,15,201,933,1,56,245,"3810 19th Ave NE, FL",0.145757795503988,0.6765772298767221,0.17766497461928896,37.168237853517,45.304568527918796,172.52719361856398,-82.37071759999999,27.7350715
211,SHORE ELEMENTARY,1,213,82,0,31,43,"1908 E 2nd Ave, Tampa, FL 33605",0.6301775147928989,0.242603550295858,0.127218934911243,160.695266272189,32.4408284023669,61.863905325443795,-82.4375749,27.9570546
212,SICKLES HIGH SCHOOL,125,162,841,9,120,1036,7950 Gunn Highway,0.07945071113290801,0.41245708680725796,0.508092202059833,20.2599313388916,129.563511525258,105.176557135851,-82.5804529,28.079608
213,SIMMONS CAREER CENTER,3,36,86,2,11,87, 1202 West Grant Street  Plant City  33563 ,0.172248803827751,0.411483253588517,0.41626794258373206,43.9234449760766,106.148325358852,104.928229665072,-82.134271,28.0049551
214,SIMMONS EXCEPTIONAL CENTER,0,12,8,0,2,19,1202 W Grant Street  Plant City  33563 ,0.307692307692308,0.20512820512820498,0.48717948717948706,78.4615384615385,124.230769230769,52.3076923076923,-82.134271,28.0049551
215,SLIGH MIDDLE SCHOOL,8,340,99,1,23,40,2011 East Sligh Avenue  Tampa  33610 ,0.709812108559499,0.20668058455114802,0.083507306889353,181.002087682672,21.294363256785,52.70354906054279,-82.4367851,28.0095653
216,SMITH MIDDLE SCHOOL,43,50,450,1,51,206,14303 Citrus Pointe Drive,0.070821529745043,0.6373937677053821,0.291784702549575,18.0594900849858,74.4050991501416,162.535410764873,-82.5734835,28.0762373
217,SOUTH COUNTY CAREER CENTER,1,28,79,1,8,57,2810 John Sherman Way,0.17073170731707302,0.481707317073171,0.347560975609756,43.5365853658537,88.6280487804878,122.835365853659,-82.47245029999999,27.672056
218,SOUTHSHORE CHARTER ACADEMY,20,152,292,3,75,259,11667 Big Bend Road,0.216216216216216,0.415362731152205,0.368421052631579,55.135135135135094,93.94736842105259,105.91749644381201,-82.30264079999999,27.7947975
219,SPOTO HIGH SCHOOL,35,628,588,7,80,292,8538 Eagle Palm Dr,0.41644562334217494,0.38992042440318303,0.193633952254642,106.193633952255,49.3766578249337,99.4297082228117,-82.352188,27.884483
220,SPRINGHEAD ELEMENTARY,8,55,501,0,32,360,3208 Nesmith Road,0.06004366812227099,0.546943231441048,0.3930131004366811,15.311135371178999,100.21834061135401,139.470524017467,-82.070559,27.973527
221,STEINBRENNER HIGH SCHOOL,62,142,517,8,126,1463,5575 W. Lutz Lake Fern Rd.  Lutz  33558 ,0.06691800188501401,0.24363807728558,0.689443920829406,17.064090480678598,175.80819981149898,62.1277097078228,-82.5331815,28.1580425
222,STEWART MIDDLE SCHOOL,30,334,368,2,73,183,"1125 Spruce Street, FL",0.377401129943503,0.41581920903954794,0.20677966101694897,96.2372881355932,52.728813559322006,106.03389830508499,-82.4715368,27.9595213
223,STOWERS ELEMENTARY ,57,89,225,2,80,650,13915 Barrington Stowers Dr,0.092323651452282,0.23340248962655605,0.674273858921162,23.542531120331898,171.93983402489602,59.51763485477179,-82.2584971,27.8491748
224,STRAWBERRY CREST HIGH SCHOOL,149,137,794,6,93,1067,4691 Gallagher Rd.  Dover  33527 ,0.06856856856856901,0.397397397397397,0.534034034034034,17.484984984985,136.178678678679,101.336336336336,-82.2359532,28.022271
225,SULLIVAN PARTNERSHIP ELEM ,0,77,32,0,9,5,"2202 N Florida Ave, Tampa, FL 33602",0.6754385964912281,0.280701754385965,0.043859649122807,172.23684210526298,11.184210526315802,71.5789473684211,-82.459778,27.965333
226,SULPHUR SPRINGS K-8 COMMUNITY,1,544,157,0,42,45,"8412 13th Street, FL",0.7292225201072391,0.21045576407506697,0.060321715817694,185.951742627346,15.382037533512099,53.6662198391421,-82.44654229999999,28.0270161
227,SUMMERFIELD CROSSINGS ELEM,20,226,312,0,78,258,11050 Fairway Meadow Dr,0.28391959798995,0.39195979899497496,0.324120603015075,72.3994974874372,82.6507537688442,99.94974874371859,-82.3235211,27.8003216
228,SUMMERFIELD ELEMENTARY ,16,159,313,3,56,311,11990 Big Bend Road,0.20306513409961702,0.399744572158365,0.397190293742018,51.7816091954023,101.28352490421499,101.934865900383,-82.2888119,27.802801
229,SYMMES ELEMENTARY ,22,101,195,3,62,247,6280 Watson Road  Riverview  33569 ,0.18600368324125197,0.35911602209944704,0.4548802946593,47.4309392265193,115.994475138122,91.5745856353591,-82.308882,27.888705
230,TAMPA BAY BOULEVARD ELEMENTARY ,4,120,574,0,22,51,3111 W Tampa Bay Boulevard,0.161073825503356,0.770469798657718,0.068456375838926,41.07382550335571,17.4563758389262,196.469798657718,-82.4943873,27.9748982
231,TAMPA BAY TECH HIGH SCHOOL ,104,999,519,12,95,258,6410 Orient Road  Tampa  33610 ,0.5625,0.29222972972973,0.14527027027027,143.4375,37.0439189189189,74.5185810810811,-82.375458,28.0073969
232,TAMPA PALMS ELEMENTARY ,282,171,190,4,64,235, 6100 Tampa Palms Boulevard  Tampa  33647,0.28691275167785196,0.318791946308725,0.394295302013423,73.1627516778524,100.545302013423,81.29194630872479,-82.3855658,28.0980097
233,TEMPLE TERRACE ELEMENTARY ,13,342,105,0,46,92,124 Flotto Avenue  Temple Terrace  33617,0.6345083487940629,0.194805194805195,0.170686456400742,161.799628942486,43.52504638218921,49.67532467532471,-82.3912618,28.0346229
234,TERRACE COMMUNITY SCHOOL ,136,74,96,2,41,270,11734 Jefferson Road,0.168181818181818,0.21818181818181798,0.6136363636363641,42.886363636363605,156.477272727273,55.636363636363605,-82.3440583,28.0553063
235,THOMPSON ELEMENTARY,6,144,475,3,38,169,2020 E Shell Point Road  Ruskin  33570,0.182741116751269,0.6027918781725891,0.214467005076142,46.5989847715736,54.6890862944162,153.71192893401002,-82.4071335,27.72047
236,THONOTOSASSA ELEMENTARY ,3,106,88,0,27,160,10050 Skewlee Road,0.299435028248588,0.248587570621469,0.45197740112994395,76.3559322033898,115.25423728813601,63.389830508474596,-82.31174279999999,28.0517618
237,TINKER K-8 SCHOOL,13,99,169,2,105,367,8207 Tinker Street,0.15590551181102402,0.266141732283465,0.5779527559055121,39.755905511811,147.377952755906,67.8661417322835,-82.4768848,27.8470329
238,TOMLIN MIDDLE SCHOOL ,29,124,699,3,57,619,501 North Woodrow Wilson St.  Plant City  33563 ,0.085991678224688,0.48474341192787795,0.42926490984743393,21.9278779472954,109.462552011096,123.609570041609,-82.147233,28.018
239,TOWN & COUNTRY HIGH SCHOOL ,2,32,150,1,14,58,7555 W. Waters Ave.  Tampa  33615,0.133333333333333,0.625,0.24166666666666697,34.0,61.625,159.375,-82.56376589999999,28.0272979
240,TOWN AND COUNTRY ELEMENTARY,12,34,311,0,14,36,6025 Hanley Road,0.089238845144357,0.8162729658792651,0.09448818897637801,22.755905511810997,24.0944881889764,208.149606299213,-82.561317,28.001086
241,TRAPNELL ELEMENTARY ,9,75,398,0,7,120, 1605 West Trapnell,0.12647554806070802,0.671163575042158,0.202360876897133,32.2512647554806,51.602023608768995,171.14671163575,-82.1384138,27.9660648
242,TRINITY SCHOOL FOR CHILDREN ,14,52,350,1,34,322,2402 W. Osborne Avenue,0.07182320441989,0.48342541436464104,0.44475138121547,18.3149171270718,113.41160220994499,123.273480662983,-82.4831509,27.987753
243,TURKEY CREEK MIDDLE SCHOOL,13,57,544,4,36,327,"5005 South Turkey Creek Road, FL",0.061422413793104,0.586206896551724,0.3523706896551721,15.662715517241399,89.854525862069,149.48275862069,-82.17167719999999,27.9443264
244,TURNER BARTELS K-8 SCHOOL,330,365,482,5,101,634,9020 Imperial Oak Boulevard,0.24645509790682,0.325455773126266,0.428089128966914,62.846049966239,109.16272788656299,82.9912221471978,-82.35066700000002,28.168664
245,TWIN LAKES ELEMENTARY ,36,88,495,0,29,74,8507 North Habana Avenue  Tampa  33614 ,0.133942161339422,0.753424657534247,0.11263318112633199,34.1552511415525,28.721461187214604,192.123287671233,-82.4875387,28.0288795
246,USF/PATEL PARTNERSHIP,16,104,33,0,9,36,11801 Bull Run Dr.,0.601156069364162,0.19075144508670497,0.208092485549133,153.294797687861,53.0635838150289,48.641618497109796,-82.4047478,28.0565826
247,VALRICO ELEMENTARY ,28,82,257,5,36,443,609 South Miller Road,0.104859335038363,0.328644501278772,0.5664961636828649,26.7391304347826,144.45652173913,83.804347826087,-82.2426098,27.9285211
248,VALRICO LAKE ADVANTAGE ACAD ,75,69,199,1,54,435,13307 Boyette Road  Riverview  33569,0.098150782361309,0.28307254623044104,0.61877667140825,25.0284495021337,157.788051209104,72.1834992887625,-82.2789579,27.853407
249,VAN BUREN MIDDLE SCHOOL,4,266,115,1,26,21, 8715 North. 22nd Street  Tampa  33604,0.661691542288557,0.28606965174129306,0.052238805970149,168.731343283582,13.320895522388101,72.9477611940298,-82.4338475,28.0311884
250,VILLAGE OF EXCELLENCE,1,214,20,0,5,3, 8718 North 46th Street,0.90295358649789,0.084388185654009,0.012658227848101002,230.25316455696202,3.2278481012658196,21.518987341772103,-82.410358,28.030473
251,VILLAGE OF EXCELLENCE MS ,0,89,14,0,3,1,4600 E. Busch Blvd.  Tampa  33617 ,0.8557692307692311,0.134615384615385,0.009615384615385001,218.22115384615398,2.45192307692308,34.3269230769231,-82.4093863,28.0330842
252,WALDEN LAKE ELEMENTARY ,18,45,292,2,47,484,2800 Turkey Creek Road,0.05481120584652901,0.355663824604141,0.58952496954933,13.976857490864802,150.328867235079,90.694275274056,-82.1690799,27.977697
253,WALKER MIDDLE MAGNET ,149,75,284,1,43,456,8282 North Mobley Road,0.09202453987730098,0.348466257668712,0.5595092024539879,23.4662576687117,142.674846625767,88.8588957055215,-82.5760291,28.1127018
254,WALTON ACADEMY,0,182,5,0,3,1, 4817 N. Florida Avenue  Tampa  33603,0.968085106382979,0.026595744680850998,0.005319148936169999,246.86170212766004,1.3563829787233999,6.78191489361702,-82.459091,27.9894696
255,WATERS CAREER CENTER ,1,45,25,0,1,17,"2704 N Highland Ave, Tampa, FL 33602",0.517241379310345,0.28735632183908,0.195402298850575,131.896551724138,49.8275862068966,73.2758620689655,-82.4631126,27.9680001
256,WEBB MIDDLE SCHOOL,15,53,583,0,52,105,6035 Hanley Road,0.071524966261808,0.7867746288798921,0.1417004048583,18.238866396761104,36.1336032388664,200.62753036437198,-82.56201469999999,28.0025789
257,WEST SHORE ELEMENTARY,7,111,107,0,52,120,7110 South West Shore Boulevard  Tampa  33616,0.32840236686390506,0.316568047337278,0.35502958579881705,83.74260355029591,90.53254437869819,80.72485207100591,-82.5266803,27.8627889
258,WEST TAMPA ELEMENTARY,3,131,285,0,19,12,2700 West Cherry Street  Tampa  33607 ,0.30607476635514,0.66588785046729,0.028037383177569996,78.0490654205608,7.14953271028037,169.80140186915898,-82.4876142,27.9611877
259,WEST UNIVERSITY CHARTER H.S.,4,149,76,0,6,28,11602 N. 15th Street  Tampa  33612 ,0.5889328063241109,0.30039525691699603,0.110671936758893,150.177865612648,28.2213438735178,76.600790513834,-82.44286919999999,28.0529007
260,WESTCHASE ELEMENTARY ,72,34,185,2,69,598,9517 West Linebaugh Avenue,0.04161566707466299,0.226438188494492,0.7319461444308449,10.611995104039199,186.646266829865,57.74173806609551,-82.4797971,28.0400174
261,WHARTON HIGH SCHOOL,147,701,607,5,149,751,20150 Bruce B. Downs  Tampa  33647 ,0.340456532297232,0.294803302574065,0.36474016512870294,86.81641573579408,93.00874210781929,75.17484215638659,-82.3553847,28.1592559
262,WILLIAMS MIDDLE SCHOOL,226,243,133,1,51,178,5020 North 47th Street  Tampa  33610 ,0.43862815884476497,0.240072202166065,0.32129963898916997,111.850180505415,81.9314079422383,61.2184115523466,-82.4065992,27.9918724
263,WILLIS PETERS EXCEPTIONAL CTR,2,13,32,1,3,38,2919 Nelson Avenue  Dover  33527 ,0.156626506024096,0.385542168674699,0.457831325301205,39.9397590361446,116.746987951807,98.31325301204821,-82.2105389,27.9895514
264,WILSON ELEMENTARY,3,23,209,0,14,119,"702 English Street, FL",0.065527065527066,0.5954415954415949,0.339031339031339,16.7094017094017,86.4529914529915,151.837606837607,-82.12930899999999,28.028132
265,WILSON MIDDLE SCHOOL ,28,46,140,2,30,429,1005 Swann Avenue,0.07479674796748,0.227642276422764,0.6975609756097559,19.0731707317073,177.878048780488,58.0487804878049,-82.4697941,27.9383696
266,WIMAUMA ELEMENTARY ,4,38,524,0,14,72,"5709 Hickman St, Wimauma, FL 33598",0.05993690851734999,0.826498422712934,0.113564668769716,15.283911671924301,28.9589905362776,210.75709779179797,-82.3016573,27.710596
267,WINTHROP CHARTER SCHOOL,84,243,413,8,107,441,6204 Scholars Hill Lane  Riverview  33578 ,0.22151321786691,0.376481312670921,0.40200546946217003,56.485870556062004,102.51139471285299,96.0027347310848,-82.3177008,27.8894758
268,WITTER ELEMENTARY,2,303,222,2,39,32,10801 N. 22nd Street  Tampa  33612 ,0.543985637342908,0.39856373429084396,0.057450628366248,138.716337522442,14.6499102333932,101.633752244165,-82.4338812,28.0464305
269,WOODBRIDGE ELEMENTARY ,16,47,478,0,30,60,8301 Woodbridge Boulevard,0.08034188034188,0.8170940170940171,0.102564102564103,20.4871794871795,26.153846153846196,208.358974358974,-82.575902,28.015055
270,WOODMONT CHARTER SCHOOL ,7,449,188,1,42,75,10402 N. 56th Street  Temple Terrace  33617 ,0.6306179775280899,0.264044943820225,0.10533707865168498,160.80758426966298,26.8609550561798,67.3314606741573,-82.3944406,28.043966
271,YATES ELEMENTARY,16,145,285,0,55,248,301 Kingsway Road  Brandon  33510 ,0.213864306784661,0.420353982300885,0.365781710914454,54.535398230088504,93.2743362831858,107.19026548672599,-82.2761067,27.9419758
272,YOUNG MIDDLE MAGNET,12,368,126,2,19,48, 1616 E 33rd Ave Tampa,0.6789667896678969,0.232472324723247,0.08856088560885601,173.136531365314,22.583025830258304,59.280442804428,-82.4403404,27.9807062
